/home/rpitxy/mu_code/AutonomousCar/DataCollected/IMG0/Image_1717584843045304.jpg,0.0
/home/rpitxy/mu_code/AutonomousCar/DataCollected/IMG0/Image_1717584843112282.jpg,0.0
/home/rpitxy/mu_code/AutonomousCar/DataCollected/IMG0/Image_1717584843146722.jpg,0.0
/home/rpitxy/mu_code/AutonomousCar/DataCollected/IMG0/Image_1717584843199313.jpg,0.0
/home/rpitxy/mu_code/AutonomousCar/DataCollected/IMG0/Image_1717584843254875.jpg,0.0
/home/rpitxy/mu_code/AutonomousCar/DataCollected/IMG0/Image_1717584843311298.jpg,0.0
/home/rpitxy/mu_code/AutonomousCar/DataCollected/IMG0/Image_1717584843373733.jpg,0.0
/home/rpitxy/mu_code/AutonomousCar/DataCollected/IMG0/Image_1717584843446135.jpg,0.0
/home/rpitxy/mu_code/AutonomousCar/DataCollected/IMG0/Image_1717584843491448.jpg,0.0
/home/rpitxy/mu_code/AutonomousCar/DataCollected/IMG0/Image_1717584843545884.jpg,0.0
/home/rpitxy/mu_code/AutonomousCar/DataCollected/IMG0/Image_1717584843595852.jpg,0.0
/home/rpitxy/mu_code/AutonomousCar/DataCollected/IMG0/Image_1717584843662478.jpg,0.0
/home/rpitxy/mu_code/AutonomousCar/DataCollected/IMG0/Image_1717584843708282.jpg,0.0
/home/rpitxy/mu_code/AutonomousCar/DataCollected/IMG0/Image_1717584843771309.jpg,0.0
/home/rpitxy/mu_code/AutonomousCar/DataCollected/IMG0/Image_1717584843825932.jpg,0.0
/home/rpitxy/mu_code/AutonomousCar/DataCollected/IMG0/Image_1717584843897332.jpg,0.0
/home/rpitxy/mu_code/AutonomousCar/DataCollected/IMG0/Image_1717584843945927.jpg,0.0
/home/rpitxy/mu_code/AutonomousCar/DataCollected/IMG0/Image_1717584843995523.jpg,0.0
/home/rpitxy/mu_code/AutonomousCar/DataCollected/IMG0/Image_1717584844054607.jpg,0.0
/home/rpitxy/mu_code/AutonomousCar/DataCollected/IMG0/Image_1717584844106517.jpg,0.0
/home/rpitxy/mu_code/AutonomousCar/DataCollected/IMG0/Image_1717584844167934.jpg,0.0
/home/rpitxy/mu_code/AutonomousCar/DataCollected/IMG0/Image_1717584844218553.jpg,0.0
/home/rpitxy/mu_code/AutonomousCar/DataCollected/IMG0/Image_1717584844278149.jpg,0.0
/home/rpitxy/mu_code/AutonomousCar/DataCollected/IMG0/Image_1717584844334034.jpg,0.0
/home/rpitxy/mu_code/AutonomousCar/DataCollected/IMG0/Image_1717584844391538.jpg,0.0
/home/rpitxy/mu_code/AutonomousCar/DataCollected/IMG0/Image_1717584844444835.jpg,0.0
/home/rpitxy/mu_code/AutonomousCar/DataCollected/IMG0/Image_171758484450065.jpg,0.0
/home/rpitxy/mu_code/AutonomousCar/DataCollected/IMG0/Image_1717584844572286.jpg,0.0
/home/rpitxy/mu_code/AutonomousCar/DataCollected/IMG0/Image_1717584844616399.jpg,0.0
/home/rpitxy/mu_code/AutonomousCar/DataCollected/IMG0/Image_1717584844677138.jpg,0.0
/home/rpitxy/mu_code/AutonomousCar/DataCollected/IMG0/Image_1717584844730395.jpg,0.0
/home/rpitxy/mu_code/AutonomousCar/DataCollected/IMG0/Image_1717584844794436.jpg,0.0
/home/rpitxy/mu_code/AutonomousCar/DataCollected/IMG0/Image_1717584844848558.jpg,0.0
/home/rpitxy/mu_code/AutonomousCar/DataCollected/IMG0/Image_1717584844903465.jpg,0.0
/home/rpitxy/mu_code/AutonomousCar/DataCollected/IMG0/Image_171758484496097.jpg,0.0
/home/rpitxy/mu_code/AutonomousCar/DataCollected/IMG0/Image_1717584845014902.jpg,0.0
/home/rpitxy/mu_code/AutonomousCar/DataCollected/IMG0/Image_1717584845072611.jpg,0.0
/home/rpitxy/mu_code/AutonomousCar/DataCollected/IMG0/Image_1717584845126971.jpg,0.0
/home/rpitxy/mu_code/AutonomousCar/DataCollected/IMG0/Image_1717584845186059.jpg,0.0
/home/rpitxy/mu_code/AutonomousCar/DataCollected/IMG0/Image_1717584845239479.jpg,0.0
/home/rpitxy/mu_code/AutonomousCar/DataCollected/IMG0/Image_1717584845297724.jpg,0.0
/home/rpitxy/mu_code/AutonomousCar/DataCollected/IMG0/Image_1717584845354486.jpg,0.0
/home/rpitxy/mu_code/AutonomousCar/DataCollected/IMG0/Image_1717584845408551.jpg,0.0
/home/rpitxy/mu_code/AutonomousCar/DataCollected/IMG0/Image_1717584845469469.jpg,0.0
/home/rpitxy/mu_code/AutonomousCar/DataCollected/IMG0/Image_1717584845524658.jpg,0.0
/home/rpitxy/mu_code/AutonomousCar/DataCollected/IMG0/Image_1717584845579123.jpg,0.0
/home/rpitxy/mu_code/AutonomousCar/DataCollected/IMG0/Image_1717584845635959.jpg,0.0
/home/rpitxy/mu_code/AutonomousCar/DataCollected/IMG0/Image_1717584845692856.jpg,0.0
/home/rpitxy/mu_code/AutonomousCar/DataCollected/IMG0/Image_1717584845749146.jpg,0.0
/home/rpitxy/mu_code/AutonomousCar/DataCollected/IMG0/Image_1717584845807293.jpg,0.0
/home/rpitxy/mu_code/AutonomousCar/DataCollected/IMG0/Image_1717584845867745.jpg,0.0
/home/rpitxy/mu_code/AutonomousCar/DataCollected/IMG0/Image_1717584845924809.jpg,0.0
/home/rpitxy/mu_code/AutonomousCar/DataCollected/IMG0/Image_1717584845982925.jpg,0.0
/home/rpitxy/mu_code/AutonomousCar/DataCollected/IMG0/Image_1717584846033021.jpg,0.0
/home/rpitxy/mu_code/AutonomousCar/DataCollected/IMG0/Image_1717584846088824.jpg,0.0
/home/rpitxy/mu_code/AutonomousCar/DataCollected/IMG0/Image_1717584846149183.jpg,0.0
/home/rpitxy/mu_code/AutonomousCar/DataCollected/IMG0/Image_1717584846204541.jpg,0.0
/home/rpitxy/mu_code/AutonomousCar/DataCollected/IMG0/Image_171758484626368.jpg,0.0
/home/rpitxy/mu_code/AutonomousCar/DataCollected/IMG0/Image_1717584846317717.jpg,0.0
/home/rpitxy/mu_code/AutonomousCar/DataCollected/IMG0/Image_171758484637482.jpg,0.0
/home/rpitxy/mu_code/AutonomousCar/DataCollected/IMG0/Image_1717584846429756.jpg,0.0
/home/rpitxy/mu_code/AutonomousCar/DataCollected/IMG0/Image_1717584846489048.jpg,0.0
/home/rpitxy/mu_code/AutonomousCar/DataCollected/IMG0/Image_1717584846543022.jpg,0.0
/home/rpitxy/mu_code/AutonomousCar/DataCollected/IMG0/Image_1717584846600248.jpg,0.0
/home/rpitxy/mu_code/AutonomousCar/DataCollected/IMG0/Image_1717584846659813.jpg,0.0
/home/rpitxy/mu_code/AutonomousCar/DataCollected/IMG0/Image_1717584846714603.jpg,0.0
/home/rpitxy/mu_code/AutonomousCar/DataCollected/IMG0/Image_1717584846771332.jpg,0.0
/home/rpitxy/mu_code/AutonomousCar/DataCollected/IMG0/Image_1717584846831536.jpg,0.0
/home/rpitxy/mu_code/AutonomousCar/DataCollected/IMG0/Image_1717584846895286.jpg,0.0
/home/rpitxy/mu_code/AutonomousCar/DataCollected/IMG0/Image_1717584846950621.jpg,0.0
/home/rpitxy/mu_code/AutonomousCar/DataCollected/IMG0/Image_1717584847005483.jpg,0.0
/home/rpitxy/mu_code/AutonomousCar/DataCollected/IMG0/Image_1717584847067323.jpg,0.0
/home/rpitxy/mu_code/AutonomousCar/DataCollected/IMG0/Image_1717584847139386.jpg,0.0
/home/rpitxy/mu_code/AutonomousCar/DataCollected/IMG0/Image_1717584847186756.jpg,0.0
/home/rpitxy/mu_code/AutonomousCar/DataCollected/IMG0/Image_1717584847233171.jpg,0.0
/home/rpitxy/mu_code/AutonomousCar/DataCollected/IMG0/Image_1717584847309825.jpg,0.0
/home/rpitxy/mu_code/AutonomousCar/DataCollected/IMG0/Image_1717584847339037.jpg,0.0
/home/rpitxy/mu_code/AutonomousCar/DataCollected/IMG0/Image_1717584847395917.jpg,0.0
/home/rpitxy/mu_code/AutonomousCar/DataCollected/IMG0/Image_1717584847450679.jpg,0.0
/home/rpitxy/mu_code/AutonomousCar/DataCollected/IMG0/Image_1717584847504384.jpg,0.0
/home/rpitxy/mu_code/AutonomousCar/DataCollected/IMG0/Image_1717584847569646.jpg,0.0
/home/rpitxy/mu_code/AutonomousCar/DataCollected/IMG0/Image_1717584847620258.jpg,0.0
/home/rpitxy/mu_code/AutonomousCar/DataCollected/IMG0/Image_1717584847677672.jpg,0.0
/home/rpitxy/mu_code/AutonomousCar/DataCollected/IMG0/Image_1717584847734729.jpg,0.0
/home/rpitxy/mu_code/AutonomousCar/DataCollected/IMG0/Image_1717584847793577.jpg,0.0
/home/rpitxy/mu_code/AutonomousCar/DataCollected/IMG0/Image_1717584847847834.jpg,0.0
/home/rpitxy/mu_code/AutonomousCar/DataCollected/IMG0/Image_1717584847909566.jpg,0.0
/home/rpitxy/mu_code/AutonomousCar/DataCollected/IMG0/Image_1717584847975522.jpg,0.0
/home/rpitxy/mu_code/AutonomousCar/DataCollected/IMG0/Image_1717584848017698.jpg,0.0
/home/rpitxy/mu_code/AutonomousCar/DataCollected/IMG0/Image_1717584848073247.jpg,0.0
/home/rpitxy/mu_code/AutonomousCar/DataCollected/IMG0/Image_17175848481293.jpg,0.0
/home/rpitxy/mu_code/AutonomousCar/DataCollected/IMG0/Image_1717584848184909.jpg,0.0
/home/rpitxy/mu_code/AutonomousCar/DataCollected/IMG0/Image_1717584848242953.jpg,0.0
/home/rpitxy/mu_code/AutonomousCar/DataCollected/IMG0/Image_1717584848298422.jpg,0.0
/home/rpitxy/mu_code/AutonomousCar/DataCollected/IMG0/Image_1717584848360876.jpg,0.0
/home/rpitxy/mu_code/AutonomousCar/DataCollected/IMG0/Image_1717584848410799.jpg,0.0
/home/rpitxy/mu_code/AutonomousCar/DataCollected/IMG0/Image_1717584848473331.jpg,0.0
/home/rpitxy/mu_code/AutonomousCar/DataCollected/IMG0/Image_1717584848530521.jpg,0.0
/home/rpitxy/mu_code/AutonomousCar/DataCollected/IMG0/Image_1717584848585353.jpg,0.0
/home/rpitxy/mu_code/AutonomousCar/DataCollected/IMG0/Image_1717584848641974.jpg,0.0
/home/rpitxy/mu_code/AutonomousCar/DataCollected/IMG0/Image_1717584848695398.jpg,0.0
/home/rpitxy/mu_code/AutonomousCar/DataCollected/IMG0/Image_171758484875666.jpg,0.0
/home/rpitxy/mu_code/AutonomousCar/DataCollected/IMG0/Image_1717584848809656.jpg,0.0
/home/rpitxy/mu_code/AutonomousCar/DataCollected/IMG0/Image_1717584848877111.jpg,0.0
/home/rpitxy/mu_code/AutonomousCar/DataCollected/IMG0/Image_1717584848928651.jpg,0.0
/home/rpitxy/mu_code/AutonomousCar/DataCollected/IMG0/Image_1717584848982717.jpg,0.0
/home/rpitxy/mu_code/AutonomousCar/DataCollected/IMG0/Image_1717584849037032.jpg,0.0
/home/rpitxy/mu_code/AutonomousCar/DataCollected/IMG0/Image_1717584849093925.jpg,0.0
/home/rpitxy/mu_code/AutonomousCar/DataCollected/IMG0/Image_1717584849150876.jpg,0.0
/home/rpitxy/mu_code/AutonomousCar/DataCollected/IMG0/Image_1717584849207595.jpg,0.0
/home/rpitxy/mu_code/AutonomousCar/DataCollected/IMG0/Image_17175848492834.jpg,0.0
/home/rpitxy/mu_code/AutonomousCar/DataCollected/IMG0/Image_1717584849335392.jpg,0.0
/home/rpitxy/mu_code/AutonomousCar/DataCollected/IMG0/Image_1717584849378599.jpg,0.0
/home/rpitxy/mu_code/AutonomousCar/DataCollected/IMG0/Image_171758484943521.jpg,0.0
/home/rpitxy/mu_code/AutonomousCar/DataCollected/IMG0/Image_1717584849489856.jpg,0.0
/home/rpitxy/mu_code/AutonomousCar/DataCollected/IMG0/Image_1717584849546219.jpg,0.0
/home/rpitxy/mu_code/AutonomousCar/DataCollected/IMG0/Image_17175848496042.jpg,0.0
/home/rpitxy/mu_code/AutonomousCar/DataCollected/IMG0/Image_1717584849674725.jpg,0.0
/home/rpitxy/mu_code/AutonomousCar/DataCollected/IMG0/Image_1717584849717951.jpg,0.0
/home/rpitxy/mu_code/AutonomousCar/DataCollected/IMG0/Image_1717584849776548.jpg,0.0
/home/rpitxy/mu_code/AutonomousCar/DataCollected/IMG0/Image_1717584849834932.jpg,0.0
/home/rpitxy/mu_code/AutonomousCar/DataCollected/IMG0/Image_1717584849887405.jpg,0.0
/home/rpitxy/mu_code/AutonomousCar/DataCollected/IMG0/Image_1717584849953231.jpg,0.0
/home/rpitxy/mu_code/AutonomousCar/DataCollected/IMG0/Image_1717584850008968.jpg,0.0
/home/rpitxy/mu_code/AutonomousCar/DataCollected/IMG0/Image_1717584850062716.jpg,0.0
/home/rpitxy/mu_code/AutonomousCar/DataCollected/IMG0/Image_1717584850114917.jpg,0.0
/home/rpitxy/mu_code/AutonomousCar/DataCollected/IMG0/Image_1717584850178641.jpg,0.0
/home/rpitxy/mu_code/AutonomousCar/DataCollected/IMG0/Image_1717584850231228.jpg,0.0
/home/rpitxy/mu_code/AutonomousCar/DataCollected/IMG0/Image_171758485030655.jpg,0.0
/home/rpitxy/mu_code/AutonomousCar/DataCollected/IMG0/Image_1717584850352997.jpg,0.0
/home/rpitxy/mu_code/AutonomousCar/DataCollected/IMG0/Image_1717584850418957.jpg,0.0
/home/rpitxy/mu_code/AutonomousCar/DataCollected/IMG0/Image_1717584850469833.jpg,0.0
/home/rpitxy/mu_code/AutonomousCar/DataCollected/IMG0/Image_1717584850517896.jpg,0.0
/home/rpitxy/mu_code/AutonomousCar/DataCollected/IMG0/Image_1717584850593064.jpg,0.0
/home/rpitxy/mu_code/AutonomousCar/DataCollected/IMG0/Image_1717584850644106.jpg,0.0
/home/rpitxy/mu_code/AutonomousCar/DataCollected/IMG0/Image_1717584850698505.jpg,0.0
/home/rpitxy/mu_code/AutonomousCar/DataCollected/IMG0/Image_1717584850754838.jpg,0.0
/home/rpitxy/mu_code/AutonomousCar/DataCollected/IMG0/Image_1717584850826401.jpg,0.0
/home/rpitxy/mu_code/AutonomousCar/DataCollected/IMG0/Image_1717584850878256.jpg,0.0
/home/rpitxy/mu_code/AutonomousCar/DataCollected/IMG0/Image_1717584850929344.jpg,0.0
/home/rpitxy/mu_code/AutonomousCar/DataCollected/IMG0/Image_1717584850984793.jpg,0.0
/home/rpitxy/mu_code/AutonomousCar/DataCollected/IMG0/Image_1717584851042681.jpg,0.0
/home/rpitxy/mu_code/AutonomousCar/DataCollected/IMG0/Image_1717584851082942.jpg,0.0
/home/rpitxy/mu_code/AutonomousCar/DataCollected/IMG0/Image_1717584851138355.jpg,0.0
/home/rpitxy/mu_code/AutonomousCar/DataCollected/IMG0/Image_1717584851198952.jpg,0.0
/home/rpitxy/mu_code/AutonomousCar/DataCollected/IMG0/Image_1717584851350306.jpg,0.0
/home/rpitxy/mu_code/AutonomousCar/DataCollected/IMG0/Image_1717584851373407.jpg,0.0
/home/rpitxy/mu_code/AutonomousCar/DataCollected/IMG0/Image_1717584851421053.jpg,0.0
/home/rpitxy/mu_code/AutonomousCar/DataCollected/IMG0/Image_1717584851472926.jpg,0.0
/home/rpitxy/mu_code/AutonomousCar/DataCollected/IMG0/Image_1717584851541623.jpg,0.0
/home/rpitxy/mu_code/AutonomousCar/DataCollected/IMG0/Image_1717584851586848.jpg,0.0
/home/rpitxy/mu_code/AutonomousCar/DataCollected/IMG0/Image_1717584851643774.jpg,0.0
/home/rpitxy/mu_code/AutonomousCar/DataCollected/IMG0/Image_1717584851703213.jpg,0.0
/home/rpitxy/mu_code/AutonomousCar/DataCollected/IMG0/Image_1717584851765131.jpg,0.0
/home/rpitxy/mu_code/AutonomousCar/DataCollected/IMG0/Image_171758485181257.jpg,0.0
/home/rpitxy/mu_code/AutonomousCar/DataCollected/IMG0/Image_1717584851873445.jpg,0.0
/home/rpitxy/mu_code/AutonomousCar/DataCollected/IMG0/Image_1717584851930599.jpg,0.0
/home/rpitxy/mu_code/AutonomousCar/DataCollected/IMG0/Image_1717584851985072.jpg,0.0
/home/rpitxy/mu_code/AutonomousCar/DataCollected/IMG0/Image_1717584852043133.jpg,0.0
/home/rpitxy/mu_code/AutonomousCar/DataCollected/IMG0/Image_1717584852095794.jpg,0.0
/home/rpitxy/mu_code/AutonomousCar/DataCollected/IMG0/Image_1717584852162758.jpg,0.0
/home/rpitxy/mu_code/AutonomousCar/DataCollected/IMG0/Image_1717584852250923.jpg,0.0
/home/rpitxy/mu_code/AutonomousCar/DataCollected/IMG0/Image_1717584852307728.jpg,0.0
/home/rpitxy/mu_code/AutonomousCar/DataCollected/IMG0/Image_1717584852354943.jpg,0.0
/home/rpitxy/mu_code/AutonomousCar/DataCollected/IMG0/Image_1717584852398775.jpg,0.0
/home/rpitxy/mu_code/AutonomousCar/DataCollected/IMG0/Image_1717584852441318.jpg,0.0
/home/rpitxy/mu_code/AutonomousCar/DataCollected/IMG0/Image_1717584852520345.jpg,0.0
/home/rpitxy/mu_code/AutonomousCar/DataCollected/IMG0/Image_171758485256047.jpg,0.0
/home/rpitxy/mu_code/AutonomousCar/DataCollected/IMG0/Image_1717584852617431.jpg,0.0
/home/rpitxy/mu_code/AutonomousCar/DataCollected/IMG0/Image_1717584852675518.jpg,0.0
/home/rpitxy/mu_code/AutonomousCar/DataCollected/IMG0/Image_1717584852723291.jpg,0.0
/home/rpitxy/mu_code/AutonomousCar/DataCollected/IMG0/Image_1717584852792816.jpg,0.0
/home/rpitxy/mu_code/AutonomousCar/DataCollected/IMG0/Image_1717584852841917.jpg,0.0
/home/rpitxy/mu_code/AutonomousCar/DataCollected/IMG0/Image_171758485289765.jpg,0.0
/home/rpitxy/mu_code/AutonomousCar/DataCollected/IMG0/Image_1717584852967191.jpg,0.0
/home/rpitxy/mu_code/AutonomousCar/DataCollected/IMG0/Image_1717584853014167.jpg,0.0
/home/rpitxy/mu_code/AutonomousCar/DataCollected/IMG0/Image_1717584853076587.jpg,0.0
/home/rpitxy/mu_code/AutonomousCar/DataCollected/IMG0/Image_1717584853157861.jpg,0.0
/home/rpitxy/mu_code/AutonomousCar/DataCollected/IMG0/Image_1717584853194772.jpg,0.0
/home/rpitxy/mu_code/AutonomousCar/DataCollected/IMG0/Image_1717584853231456.jpg,0.0
/home/rpitxy/mu_code/AutonomousCar/DataCollected/IMG0/Image_1717584853294554.jpg,0.0
/home/rpitxy/mu_code/AutonomousCar/DataCollected/IMG0/Image_1717584853352476.jpg,0.0
/home/rpitxy/mu_code/AutonomousCar/DataCollected/IMG0/Image_1717584853416303.jpg,0.0
/home/rpitxy/mu_code/AutonomousCar/DataCollected/IMG0/Image_1717584853480645.jpg,0.0
/home/rpitxy/mu_code/AutonomousCar/DataCollected/IMG0/Image_1717584853519086.jpg,0.0
/home/rpitxy/mu_code/AutonomousCar/DataCollected/IMG0/Image_1717584853602137.jpg,0.0
/home/rpitxy/mu_code/AutonomousCar/DataCollected/IMG0/Image_1717584853645445.jpg,0.0
/home/rpitxy/mu_code/AutonomousCar/DataCollected/IMG0/Image_1717584853697209.jpg,0.0
/home/rpitxy/mu_code/AutonomousCar/DataCollected/IMG0/Image_1717584853777104.jpg,0.0
/home/rpitxy/mu_code/AutonomousCar/DataCollected/IMG0/Image_1717584853823669.jpg,0.0
/home/rpitxy/mu_code/AutonomousCar/DataCollected/IMG0/Image_1717584853877196.jpg,0.0
/home/rpitxy/mu_code/AutonomousCar/DataCollected/IMG0/Image_1717584853912659.jpg,0.0
/home/rpitxy/mu_code/AutonomousCar/DataCollected/IMG0/Image_1717584853985616.jpg,0.0
/home/rpitxy/mu_code/AutonomousCar/DataCollected/IMG0/Image_1717584854047805.jpg,0.0
/home/rpitxy/mu_code/AutonomousCar/DataCollected/IMG0/Image_1717584854097862.jpg,0.0
/home/rpitxy/mu_code/AutonomousCar/DataCollected/IMG0/Image_1717584854142832.jpg,0.0
/home/rpitxy/mu_code/AutonomousCar/DataCollected/IMG0/Image_1717584854201027.jpg,0.0
/home/rpitxy/mu_code/AutonomousCar/DataCollected/IMG0/Image_1717584854263117.jpg,0.0
/home/rpitxy/mu_code/AutonomousCar/DataCollected/IMG0/Image_1717584854315928.jpg,0.0
/home/rpitxy/mu_code/AutonomousCar/DataCollected/IMG0/Image_1717584854384215.jpg,0.0
/home/rpitxy/mu_code/AutonomousCar/DataCollected/IMG0/Image_1717584854443746.jpg,0.0
/home/rpitxy/mu_code/AutonomousCar/DataCollected/IMG0/Image_1717584854504947.jpg,0.0
/home/rpitxy/mu_code/AutonomousCar/DataCollected/IMG0/Image_1717584854546597.jpg,0.0
/home/rpitxy/mu_code/AutonomousCar/DataCollected/IMG0/Image_1717584854609685.jpg,0.0
/home/rpitxy/mu_code/AutonomousCar/DataCollected/IMG0/Image_1717584854661966.jpg,0.0
/home/rpitxy/mu_code/AutonomousCar/DataCollected/IMG0/Image_1717584854719798.jpg,0.0
/home/rpitxy/mu_code/AutonomousCar/DataCollected/IMG0/Image_1717584854774319.jpg,0.0
/home/rpitxy/mu_code/AutonomousCar/DataCollected/IMG0/Image_1717584854828829.jpg,0.0
/home/rpitxy/mu_code/AutonomousCar/DataCollected/IMG0/Image_1717584854894193.jpg,0.0
/home/rpitxy/mu_code/AutonomousCar/DataCollected/IMG0/Image_1717584854944397.jpg,0.0
/home/rpitxy/mu_code/AutonomousCar/DataCollected/IMG0/Image_1717584855004607.jpg,0.0
/home/rpitxy/mu_code/AutonomousCar/DataCollected/IMG0/Image_1717584855077099.jpg,0.0
/home/rpitxy/mu_code/AutonomousCar/DataCollected/IMG0/Image_171758485512327.jpg,0.0
/home/rpitxy/mu_code/AutonomousCar/DataCollected/IMG0/Image_1717584855171851.jpg,0.0
/home/rpitxy/mu_code/AutonomousCar/DataCollected/IMG0/Image_1717584855219514.jpg,0.0
/home/rpitxy/mu_code/AutonomousCar/DataCollected/IMG0/Image_1717584855289467.jpg,0.0
/home/rpitxy/mu_code/AutonomousCar/DataCollected/IMG0/Image_1717584855333308.jpg,0.0
/home/rpitxy/mu_code/AutonomousCar/DataCollected/IMG0/Image_1717584855390631.jpg,0.0
/home/rpitxy/mu_code/AutonomousCar/DataCollected/IMG0/Image_1717584855442156.jpg,0.0
/home/rpitxy/mu_code/AutonomousCar/DataCollected/IMG0/Image_1717584855501883.jpg,0.0
/home/rpitxy/mu_code/AutonomousCar/DataCollected/IMG0/Image_1717584855561765.jpg,0.0
/home/rpitxy/mu_code/AutonomousCar/DataCollected/IMG0/Image_1717584855613007.jpg,0.0
/home/rpitxy/mu_code/AutonomousCar/DataCollected/IMG0/Image_1717584855696448.jpg,0.0
/home/rpitxy/mu_code/AutonomousCar/DataCollected/IMG0/Image_1717584855728256.jpg,0.0
/home/rpitxy/mu_code/AutonomousCar/DataCollected/IMG0/Image_1717584855783924.jpg,0.0
/home/rpitxy/mu_code/AutonomousCar/DataCollected/IMG0/Image_1717584855842322.jpg,0.0
/home/rpitxy/mu_code/AutonomousCar/DataCollected/IMG0/Image_1717584855902391.jpg,0.0
/home/rpitxy/mu_code/AutonomousCar/DataCollected/IMG0/Image_1717584855953698.jpg,0.0
/home/rpitxy/mu_code/AutonomousCar/DataCollected/IMG0/Image_1717584856009312.jpg,0.0
/home/rpitxy/mu_code/AutonomousCar/DataCollected/IMG0/Image_171758485607974.jpg,0.0
/home/rpitxy/mu_code/AutonomousCar/DataCollected/IMG0/Image_1717584856126685.jpg,0.0
/home/rpitxy/mu_code/AutonomousCar/DataCollected/IMG0/Image_1717584856186319.jpg,0.0
/home/rpitxy/mu_code/AutonomousCar/DataCollected/IMG0/Image_1717584856253929.jpg,0.0
/home/rpitxy/mu_code/AutonomousCar/DataCollected/IMG0/Image_1717584856300287.jpg,0.0
/home/rpitxy/mu_code/AutonomousCar/DataCollected/IMG0/Image_1717584856369298.jpg,0.0
/home/rpitxy/mu_code/AutonomousCar/DataCollected/IMG0/Image_1717584856406182.jpg,0.0
/home/rpitxy/mu_code/AutonomousCar/DataCollected/IMG0/Image_1717584856470902.jpg,0.0
/home/rpitxy/mu_code/AutonomousCar/DataCollected/IMG0/Image_17175848565195.jpg,0.0
/home/rpitxy/mu_code/AutonomousCar/DataCollected/IMG0/Image_1717584856580827.jpg,0.0
/home/rpitxy/mu_code/AutonomousCar/DataCollected/IMG0/Image_1717584856631272.jpg,0.0
/home/rpitxy/mu_code/AutonomousCar/DataCollected/IMG0/Image_1717584856688833.jpg,0.0
/home/rpitxy/mu_code/AutonomousCar/DataCollected/IMG0/Image_171758485674371.jpg,0.0
/home/rpitxy/mu_code/AutonomousCar/DataCollected/IMG0/Image_1717584856803376.jpg,0.0
/home/rpitxy/mu_code/AutonomousCar/DataCollected/IMG0/Image_1717584856862512.jpg,0.0
/home/rpitxy/mu_code/AutonomousCar/DataCollected/IMG0/Image_1717584856915336.jpg,0.0
/home/rpitxy/mu_code/AutonomousCar/DataCollected/IMG0/Image_1717584856972412.jpg,0.0
/home/rpitxy/mu_code/AutonomousCar/DataCollected/IMG0/Image_1717584857026808.jpg,0.0
/home/rpitxy/mu_code/AutonomousCar/DataCollected/IMG0/Image_1717584857083337.jpg,0.0
/home/rpitxy/mu_code/AutonomousCar/DataCollected/IMG0/Image_1717584857140895.jpg,0.0
/home/rpitxy/mu_code/AutonomousCar/DataCollected/IMG0/Image_1717584857197877.jpg,0.0
/home/rpitxy/mu_code/AutonomousCar/DataCollected/IMG0/Image_1717584857254145.jpg,0.0
/home/rpitxy/mu_code/AutonomousCar/DataCollected/IMG0/Image_1717584857313681.jpg,0.0
/home/rpitxy/mu_code/AutonomousCar/DataCollected/IMG0/Image_1717584857368764.jpg,0.0
/home/rpitxy/mu_code/AutonomousCar/DataCollected/IMG0/Image_1717584857428512.jpg,0.0
/home/rpitxy/mu_code/AutonomousCar/DataCollected/IMG0/Image_1717584857482913.jpg,0.0
/home/rpitxy/mu_code/AutonomousCar/DataCollected/IMG0/Image_1717584857536338.jpg,0.0
/home/rpitxy/mu_code/AutonomousCar/DataCollected/IMG0/Image_1717584857593756.jpg,0.0
/home/rpitxy/mu_code/AutonomousCar/DataCollected/IMG0/Image_1717584857652279.jpg,0.0
/home/rpitxy/mu_code/AutonomousCar/DataCollected/IMG0/Image_1717584857707528.jpg,0.0
/home/rpitxy/mu_code/AutonomousCar/DataCollected/IMG0/Image_1717584857771035.jpg,0.0
/home/rpitxy/mu_code/AutonomousCar/DataCollected/IMG0/Image_1717584857822659.jpg,0.0
/home/rpitxy/mu_code/AutonomousCar/DataCollected/IMG0/Image_1717584857895106.jpg,0.0
/home/rpitxy/mu_code/AutonomousCar/DataCollected/IMG0/Image_1717584857938745.jpg,0.0
/home/rpitxy/mu_code/AutonomousCar/DataCollected/IMG0/Image_1717584857992815.jpg,0.0
/home/rpitxy/mu_code/AutonomousCar/DataCollected/IMG0/Image_1717584858048632.jpg,0.0
/home/rpitxy/mu_code/AutonomousCar/DataCollected/IMG0/Image_1717584858105162.jpg,0.0
/home/rpitxy/mu_code/AutonomousCar/DataCollected/IMG0/Image_171758485816593.jpg,0.0
/home/rpitxy/mu_code/AutonomousCar/DataCollected/IMG0/Image_1717584858225688.jpg,0.0
/home/rpitxy/mu_code/AutonomousCar/DataCollected/IMG0/Image_1717584858279601.jpg,0.0
/home/rpitxy/mu_code/AutonomousCar/DataCollected/IMG0/Image_1717584858332436.jpg,0.0
/home/rpitxy/mu_code/AutonomousCar/DataCollected/IMG0/Image_1717584858387937.jpg,0.0
/home/rpitxy/mu_code/AutonomousCar/DataCollected/IMG0/Image_1717584858442994.jpg,0.0
/home/rpitxy/mu_code/AutonomousCar/DataCollected/IMG0/Image_1717584858502276.jpg,0.0
/home/rpitxy/mu_code/AutonomousCar/DataCollected/IMG0/Image_1717584858562193.jpg,0.0
/home/rpitxy/mu_code/AutonomousCar/DataCollected/IMG0/Image_1717584858615152.jpg,0.0
/home/rpitxy/mu_code/AutonomousCar/DataCollected/IMG0/Image_1717584858671627.jpg,0.0
/home/rpitxy/mu_code/AutonomousCar/DataCollected/IMG0/Image_1717584858731924.jpg,0.0
/home/rpitxy/mu_code/AutonomousCar/DataCollected/IMG0/Image_1717584858785153.jpg,0.0
/home/rpitxy/mu_code/AutonomousCar/DataCollected/IMG0/Image_1717584858841543.jpg,0.0
/home/rpitxy/mu_code/AutonomousCar/DataCollected/IMG0/Image_171758485889817.jpg,0.0
/home/rpitxy/mu_code/AutonomousCar/DataCollected/IMG0/Image_1717584858963943.jpg,0.0
/home/rpitxy/mu_code/AutonomousCar/DataCollected/IMG0/Image_1717584859009693.jpg,0.0
/home/rpitxy/mu_code/AutonomousCar/DataCollected/IMG0/Image_1717584859071677.jpg,0.0
/home/rpitxy/mu_code/AutonomousCar/DataCollected/IMG0/Image_1717584859124543.jpg,0.0
/home/rpitxy/mu_code/AutonomousCar/DataCollected/IMG0/Image_1717584859181877.jpg,0.0
/home/rpitxy/mu_code/AutonomousCar/DataCollected/IMG0/Image_1717584859247983.jpg,0.0
/home/rpitxy/mu_code/AutonomousCar/DataCollected/IMG0/Image_1717584859296779.jpg,0.0
/home/rpitxy/mu_code/AutonomousCar/DataCollected/IMG0/Image_1717584859353681.jpg,0.0
/home/rpitxy/mu_code/AutonomousCar/DataCollected/IMG0/Image_1717584859410266.jpg,0.0
/home/rpitxy/mu_code/AutonomousCar/DataCollected/IMG0/Image_1717584859469001.jpg,0.0
/home/rpitxy/mu_code/AutonomousCar/DataCollected/IMG0/Image_1717584859520076.jpg,0.0
/home/rpitxy/mu_code/AutonomousCar/DataCollected/IMG0/Image_1717584859579041.jpg,0.0
/home/rpitxy/mu_code/AutonomousCar/DataCollected/IMG0/Image_1717584859635456.jpg,0.0
/home/rpitxy/mu_code/AutonomousCar/DataCollected/IMG0/Image_1717584859691113.jpg,0.0
/home/rpitxy/mu_code/AutonomousCar/DataCollected/IMG0/Image_1717584859747861.jpg,0.0
/home/rpitxy/mu_code/AutonomousCar/DataCollected/IMG0/Image_1717584859804889.jpg,0.0
/home/rpitxy/mu_code/AutonomousCar/DataCollected/IMG0/Image_171758485987332.jpg,0.0
/home/rpitxy/mu_code/AutonomousCar/DataCollected/IMG0/Image_1717584859921007.jpg,0.0
/home/rpitxy/mu_code/AutonomousCar/DataCollected/IMG0/Image_1717584859981775.jpg,0.0
/home/rpitxy/mu_code/AutonomousCar/DataCollected/IMG0/Image_1717584860031302.jpg,0.0
/home/rpitxy/mu_code/AutonomousCar/DataCollected/IMG0/Image_1717584860092438.jpg,0.0
/home/rpitxy/mu_code/AutonomousCar/DataCollected/IMG0/Image_1717584860146176.jpg,0.0
/home/rpitxy/mu_code/AutonomousCar/DataCollected/IMG0/Image_1717584860203031.jpg,0.0
/home/rpitxy/mu_code/AutonomousCar/DataCollected/IMG0/Image_171758486026364.jpg,0.0
/home/rpitxy/mu_code/AutonomousCar/DataCollected/IMG0/Image_1717584860327235.jpg,0.0
/home/rpitxy/mu_code/AutonomousCar/DataCollected/IMG0/Image_17175848603773.jpg,0.0
/home/rpitxy/mu_code/AutonomousCar/DataCollected/IMG0/Image_1717584860431961.jpg,0.0
/home/rpitxy/mu_code/AutonomousCar/DataCollected/IMG0/Image_1717584860485024.jpg,0.0
/home/rpitxy/mu_code/AutonomousCar/DataCollected/IMG0/Image_1717584860542261.jpg,0.0
/home/rpitxy/mu_code/AutonomousCar/DataCollected/IMG0/Image_171758486060118.jpg,0.0
/home/rpitxy/mu_code/AutonomousCar/DataCollected/IMG0/Image_1717584860661652.jpg,0.0
/home/rpitxy/mu_code/AutonomousCar/DataCollected/IMG0/Image_1717584860716365.jpg,0.0
/home/rpitxy/mu_code/AutonomousCar/DataCollected/IMG0/Image_171758486077096.jpg,0.0
/home/rpitxy/mu_code/AutonomousCar/DataCollected/IMG0/Image_1717584860827496.jpg,0.0
/home/rpitxy/mu_code/AutonomousCar/DataCollected/IMG0/Image_171758486088792.jpg,0.0
/home/rpitxy/mu_code/AutonomousCar/DataCollected/IMG0/Image_1717584860948419.jpg,0.0
/home/rpitxy/mu_code/AutonomousCar/DataCollected/IMG0/Image_1717584860999554.jpg,0.0
/home/rpitxy/mu_code/AutonomousCar/DataCollected/IMG0/Image_1717584861059483.jpg,0.0
/home/rpitxy/mu_code/AutonomousCar/DataCollected/IMG0/Image_1717584861107165.jpg,0.0
/home/rpitxy/mu_code/AutonomousCar/DataCollected/IMG0/Image_1717584861171556.jpg,0.0
/home/rpitxy/mu_code/AutonomousCar/DataCollected/IMG0/Image_1717584861220837.jpg,0.0
/home/rpitxy/mu_code/AutonomousCar/DataCollected/IMG0/Image_171758486127931.jpg,0.0
/home/rpitxy/mu_code/AutonomousCar/DataCollected/IMG0/Image_1717584861351064.jpg,0.0
/home/rpitxy/mu_code/AutonomousCar/DataCollected/IMG0/Image_1717584861399455.jpg,0.0
/home/rpitxy/mu_code/AutonomousCar/DataCollected/IMG0/Image_1717584861448544.jpg,0.0
/home/rpitxy/mu_code/AutonomousCar/DataCollected/IMG0/Image_1717584861507873.jpg,0.0
/home/rpitxy/mu_code/AutonomousCar/DataCollected/IMG0/Image_1717584861565627.jpg,0.0
/home/rpitxy/mu_code/AutonomousCar/DataCollected/IMG0/Image_1717584861621077.jpg,0.0
/home/rpitxy/mu_code/AutonomousCar/DataCollected/IMG0/Image_1717584861675734.jpg,0.0
/home/rpitxy/mu_code/AutonomousCar/DataCollected/IMG0/Image_1717584861736981.jpg,0.0
/home/rpitxy/mu_code/AutonomousCar/DataCollected/IMG0/Image_1717584861788405.jpg,0.0
/home/rpitxy/mu_code/AutonomousCar/DataCollected/IMG0/Image_1717584861843797.jpg,0.0
/home/rpitxy/mu_code/AutonomousCar/DataCollected/IMG0/Image_17175848619016.jpg,0.0
/home/rpitxy/mu_code/AutonomousCar/DataCollected/IMG0/Image_1717584861963602.jpg,0.0
/home/rpitxy/mu_code/AutonomousCar/DataCollected/IMG0/Image_1717584862015011.jpg,0.0
/home/rpitxy/mu_code/AutonomousCar/DataCollected/IMG0/Image_1717584862074044.jpg,0.0
/home/rpitxy/mu_code/AutonomousCar/DataCollected/IMG0/Image_1717584862130964.jpg,0.0
/home/rpitxy/mu_code/AutonomousCar/DataCollected/IMG0/Image_1717584862184531.jpg,0.0
/home/rpitxy/mu_code/AutonomousCar/DataCollected/IMG0/Image_1717584862248255.jpg,0.0
/home/rpitxy/mu_code/AutonomousCar/DataCollected/IMG0/Image_1717584862299129.jpg,0.0
/home/rpitxy/mu_code/AutonomousCar/DataCollected/IMG0/Image_1717584862361754.jpg,0.0
/home/rpitxy/mu_code/AutonomousCar/DataCollected/IMG0/Image_1717584862422309.jpg,0.0
/home/rpitxy/mu_code/AutonomousCar/DataCollected/IMG0/Image_1717584862483208.jpg,0.0
/home/rpitxy/mu_code/AutonomousCar/DataCollected/IMG0/Image_1717584862534097.jpg,0.0
/home/rpitxy/mu_code/AutonomousCar/DataCollected/IMG0/Image_1717584862585327.jpg,0.0
/home/rpitxy/mu_code/AutonomousCar/DataCollected/IMG0/Image_1717584862638437.jpg,0.0
/home/rpitxy/mu_code/AutonomousCar/DataCollected/IMG0/Image_1717584862696261.jpg,0.0
/home/rpitxy/mu_code/AutonomousCar/DataCollected/IMG0/Image_1717584862753917.jpg,0.0
/home/rpitxy/mu_code/AutonomousCar/DataCollected/IMG0/Image_1717584862812206.jpg,0.0
/home/rpitxy/mu_code/AutonomousCar/DataCollected/IMG0/Image_1717584862874772.jpg,0.0
/home/rpitxy/mu_code/AutonomousCar/DataCollected/IMG0/Image_1717584862935227.jpg,0.0
/home/rpitxy/mu_code/AutonomousCar/DataCollected/IMG0/Image_1717584862981922.jpg,0.0
/home/rpitxy/mu_code/AutonomousCar/DataCollected/IMG0/Image_1717584863035653.jpg,0.0
/home/rpitxy/mu_code/AutonomousCar/DataCollected/IMG0/Image_1717584863090847.jpg,0.0
/home/rpitxy/mu_code/AutonomousCar/DataCollected/IMG0/Image_1717584863148439.jpg,0.0
/home/rpitxy/mu_code/AutonomousCar/DataCollected/IMG0/Image_1717584863204766.jpg,0.0
/home/rpitxy/mu_code/AutonomousCar/DataCollected/IMG0/Image_1717584863264088.jpg,0.0
/home/rpitxy/mu_code/AutonomousCar/DataCollected/IMG0/Image_1717584863318076.jpg,0.0
/home/rpitxy/mu_code/AutonomousCar/DataCollected/IMG0/Image_171758486337899.jpg,0.0
/home/rpitxy/mu_code/AutonomousCar/DataCollected/IMG0/Image_1717584863442218.jpg,0.0
/home/rpitxy/mu_code/AutonomousCar/DataCollected/IMG0/Image_1717584863502732.jpg,0.0
/home/rpitxy/mu_code/AutonomousCar/DataCollected/IMG0/Image_1717584863551925.jpg,0.0
/home/rpitxy/mu_code/AutonomousCar/DataCollected/IMG0/Image_1717584863602376.jpg,0.0
/home/rpitxy/mu_code/AutonomousCar/DataCollected/IMG0/Image_1717584863661238.jpg,0.0
/home/rpitxy/mu_code/AutonomousCar/DataCollected/IMG0/Image_1717584863714727.jpg,0.0
/home/rpitxy/mu_code/AutonomousCar/DataCollected/IMG0/Image_1717584863771839.jpg,0.0
/home/rpitxy/mu_code/AutonomousCar/DataCollected/IMG0/Image_1717584863833366.jpg,0.0
/home/rpitxy/mu_code/AutonomousCar/DataCollected/IMG0/Image_1717584863894126.jpg,0.0
/home/rpitxy/mu_code/AutonomousCar/DataCollected/IMG0/Image_1717584863952673.jpg,0.0
/home/rpitxy/mu_code/AutonomousCar/DataCollected/IMG0/Image_1717584864003626.jpg,0.0
/home/rpitxy/mu_code/AutonomousCar/DataCollected/IMG0/Image_171758486405913.jpg,0.0
/home/rpitxy/mu_code/AutonomousCar/DataCollected/IMG0/Image_1717584864112183.jpg,0.0
/home/rpitxy/mu_code/AutonomousCar/DataCollected/IMG0/Image_1717584864170897.jpg,0.0
/home/rpitxy/mu_code/AutonomousCar/DataCollected/IMG0/Image_1717584864226496.jpg,0.0
/home/rpitxy/mu_code/AutonomousCar/DataCollected/IMG0/Image_1717584864282016.jpg,0.0
/home/rpitxy/mu_code/AutonomousCar/DataCollected/IMG0/Image_1717584864339099.jpg,0.0
/home/rpitxy/mu_code/AutonomousCar/DataCollected/IMG0/Image_1717584864394815.jpg,0.0
/home/rpitxy/mu_code/AutonomousCar/DataCollected/IMG0/Image_1717584864455238.jpg,0.0
/home/rpitxy/mu_code/AutonomousCar/DataCollected/IMG0/Image_1717584864519835.jpg,0.0
/home/rpitxy/mu_code/AutonomousCar/DataCollected/IMG0/Image_1717584864573351.jpg,0.0
/home/rpitxy/mu_code/AutonomousCar/DataCollected/IMG0/Image_1717584864623472.jpg,0.0
/home/rpitxy/mu_code/AutonomousCar/DataCollected/IMG0/Image_1717584864678273.jpg,0.0
/home/rpitxy/mu_code/AutonomousCar/DataCollected/IMG0/Image_1717584864735986.jpg,0.0
/home/rpitxy/mu_code/AutonomousCar/DataCollected/IMG0/Image_171758486479407.jpg,0.0
/home/rpitxy/mu_code/AutonomousCar/DataCollected/IMG0/Image_1717584864867385.jpg,0.0
/home/rpitxy/mu_code/AutonomousCar/DataCollected/IMG0/Image_1717584864907828.jpg,0.0
/home/rpitxy/mu_code/AutonomousCar/DataCollected/IMG0/Image_1717584864966252.jpg,0.0
/home/rpitxy/mu_code/AutonomousCar/DataCollected/IMG0/Image_1717584865021152.jpg,0.0
/home/rpitxy/mu_code/AutonomousCar/DataCollected/IMG0/Image_1717584865076083.jpg,0.0
/home/rpitxy/mu_code/AutonomousCar/DataCollected/IMG0/Image_1717584865132434.jpg,0.0
/home/rpitxy/mu_code/AutonomousCar/DataCollected/IMG0/Image_1717584865188299.jpg,0.0
/home/rpitxy/mu_code/AutonomousCar/DataCollected/IMG0/Image_1717584865246648.jpg,0.0
/home/rpitxy/mu_code/AutonomousCar/DataCollected/IMG0/Image_1717584865302486.jpg,0.0
/home/rpitxy/mu_code/AutonomousCar/DataCollected/IMG0/Image_171758486536323.jpg,0.0
/home/rpitxy/mu_code/AutonomousCar/DataCollected/IMG0/Image_1717584865416796.jpg,0.0
/home/rpitxy/mu_code/AutonomousCar/DataCollected/IMG0/Image_1717584865475515.jpg,0.0
/home/rpitxy/mu_code/AutonomousCar/DataCollected/IMG0/Image_1717584865533866.jpg,0.0
/home/rpitxy/mu_code/AutonomousCar/DataCollected/IMG0/Image_1717584865587824.jpg,0.0
/home/rpitxy/mu_code/AutonomousCar/DataCollected/IMG0/Image_1717584865642509.jpg,0.0
/home/rpitxy/mu_code/AutonomousCar/DataCollected/IMG0/Image_1717584865697701.jpg,0.0
/home/rpitxy/mu_code/AutonomousCar/DataCollected/IMG0/Image_1717584865762218.jpg,0.0
/home/rpitxy/mu_code/AutonomousCar/DataCollected/IMG0/Image_1717584865817462.jpg,0.0
/home/rpitxy/mu_code/AutonomousCar/DataCollected/IMG0/Image_171758486587721.jpg,0.0
/home/rpitxy/mu_code/AutonomousCar/DataCollected/IMG0/Image_171758486593054.jpg,0.0
/home/rpitxy/mu_code/AutonomousCar/DataCollected/IMG0/Image_1717584865984768.jpg,0.0
/home/rpitxy/mu_code/AutonomousCar/DataCollected/IMG0/Image_1717584866039138.jpg,0.0
/home/rpitxy/mu_code/AutonomousCar/DataCollected/IMG0/Image_1717584866104116.jpg,0.0
/home/rpitxy/mu_code/AutonomousCar/DataCollected/IMG0/Image_17175848661589.jpg,0.0
/home/rpitxy/mu_code/AutonomousCar/DataCollected/IMG0/Image_1717584866214789.jpg,0.0
/home/rpitxy/mu_code/AutonomousCar/DataCollected/IMG0/Image_1717584866268933.jpg,0.0
/home/rpitxy/mu_code/AutonomousCar/DataCollected/IMG0/Image_1717584866321141.jpg,0.0
/home/rpitxy/mu_code/AutonomousCar/DataCollected/IMG0/Image_171758486639762.jpg,0.0
/home/rpitxy/mu_code/AutonomousCar/DataCollected/IMG0/Image_1717584866448235.jpg,0.0
/home/rpitxy/mu_code/AutonomousCar/DataCollected/IMG0/Image_1717584866506089.jpg,0.0
/home/rpitxy/mu_code/AutonomousCar/DataCollected/IMG0/Image_1717584866554023.jpg,0.0
/home/rpitxy/mu_code/AutonomousCar/DataCollected/IMG0/Image_1717584866608122.jpg,0.0
/home/rpitxy/mu_code/AutonomousCar/DataCollected/IMG0/Image_1717584866677968.jpg,0.0
/home/rpitxy/mu_code/AutonomousCar/DataCollected/IMG0/Image_1717584866733441.jpg,0.0
/home/rpitxy/mu_code/AutonomousCar/DataCollected/IMG0/Image_1717584866791948.jpg,0.0
/home/rpitxy/mu_code/AutonomousCar/DataCollected/IMG0/Image_1717584866844877.jpg,0.0
/home/rpitxy/mu_code/AutonomousCar/DataCollected/IMG0/Image_1717584866901939.jpg,0.0
/home/rpitxy/mu_code/AutonomousCar/DataCollected/IMG0/Image_1717584866961575.jpg,0.0
/home/rpitxy/mu_code/AutonomousCar/DataCollected/IMG0/Image_1717584867009927.jpg,0.0
/home/rpitxy/mu_code/AutonomousCar/DataCollected/IMG0/Image_1717584867069406.jpg,0.0
/home/rpitxy/mu_code/AutonomousCar/DataCollected/IMG0/Image_1717584867118242.jpg,0.0
/home/rpitxy/mu_code/AutonomousCar/DataCollected/IMG0/Image_1717584867175265.jpg,0.0
/home/rpitxy/mu_code/AutonomousCar/DataCollected/IMG0/Image_1717584867228423.jpg,0.0
/home/rpitxy/mu_code/AutonomousCar/DataCollected/IMG0/Image_1717584867285826.jpg,0.0
/home/rpitxy/mu_code/AutonomousCar/DataCollected/IMG0/Image_1717584867342049.jpg,0.0
/home/rpitxy/mu_code/AutonomousCar/DataCollected/IMG0/Image_1717584867401473.jpg,0.0
/home/rpitxy/mu_code/AutonomousCar/DataCollected/IMG0/Image_1717584867471364.jpg,0.0
/home/rpitxy/mu_code/AutonomousCar/DataCollected/IMG0/Image_1717584867521785.jpg,0.0
/home/rpitxy/mu_code/AutonomousCar/DataCollected/IMG0/Image_1717584867575363.jpg,0.0
/home/rpitxy/mu_code/AutonomousCar/DataCollected/IMG0/Image_171758486762527.jpg,0.0
/home/rpitxy/mu_code/AutonomousCar/DataCollected/IMG0/Image_1717584867684617.jpg,0.0
/home/rpitxy/mu_code/AutonomousCar/DataCollected/IMG0/Image_171758486773819.jpg,0.0
/home/rpitxy/mu_code/AutonomousCar/DataCollected/IMG0/Image_1717584867798474.jpg,0.0
/home/rpitxy/mu_code/AutonomousCar/DataCollected/IMG0/Image_1717584867870661.jpg,0.0
/home/rpitxy/mu_code/AutonomousCar/DataCollected/IMG0/Image_1717584867909649.jpg,0.0
/home/rpitxy/mu_code/AutonomousCar/DataCollected/IMG0/Image_1717584867976959.jpg,0.0
/home/rpitxy/mu_code/AutonomousCar/DataCollected/IMG0/Image_1717584868030003.jpg,0.0
/home/rpitxy/mu_code/AutonomousCar/DataCollected/IMG0/Image_171758486809123.jpg,0.0
/home/rpitxy/mu_code/AutonomousCar/DataCollected/IMG0/Image_1717584868143159.jpg,0.0
/home/rpitxy/mu_code/AutonomousCar/DataCollected/IMG0/Image_1717584868193879.jpg,0.0
/home/rpitxy/mu_code/AutonomousCar/DataCollected/IMG0/Image_1717584868251208.jpg,0.0
/home/rpitxy/mu_code/AutonomousCar/DataCollected/IMG0/Image_1717584868307209.jpg,0.0
/home/rpitxy/mu_code/AutonomousCar/DataCollected/IMG0/Image_1717584868368062.jpg,0.0
/home/rpitxy/mu_code/AutonomousCar/DataCollected/IMG0/Image_1717584868418944.jpg,0.0
/home/rpitxy/mu_code/AutonomousCar/DataCollected/IMG0/Image_1717584868483071.jpg,0.0
/home/rpitxy/mu_code/AutonomousCar/DataCollected/IMG0/Image_1717584868532566.jpg,0.0
/home/rpitxy/mu_code/AutonomousCar/DataCollected/IMG0/Image_1717584868595709.jpg,0.0
/home/rpitxy/mu_code/AutonomousCar/DataCollected/IMG0/Image_171758486865095.jpg,0.0
/home/rpitxy/mu_code/AutonomousCar/DataCollected/IMG0/Image_1717584868709434.jpg,0.0
/home/rpitxy/mu_code/AutonomousCar/DataCollected/IMG0/Image_1717584868768775.jpg,0.0
/home/rpitxy/mu_code/AutonomousCar/DataCollected/IMG0/Image_1717584868819036.jpg,0.0
/home/rpitxy/mu_code/AutonomousCar/DataCollected/IMG0/Image_1717584868878433.jpg,0.0
/home/rpitxy/mu_code/AutonomousCar/DataCollected/IMG0/Image_1717584868931952.jpg,0.0
/home/rpitxy/mu_code/AutonomousCar/DataCollected/IMG0/Image_1717584868987448.jpg,0.0
/home/rpitxy/mu_code/AutonomousCar/DataCollected/IMG0/Image_1717584869057189.jpg,0.0
/home/rpitxy/mu_code/AutonomousCar/DataCollected/IMG0/Image_1717584869107702.jpg,0.0
/home/rpitxy/mu_code/AutonomousCar/DataCollected/IMG0/Image_171758486919393.jpg,0.0
/home/rpitxy/mu_code/AutonomousCar/DataCollected/IMG0/Image_171758486922097.jpg,0.0
/home/rpitxy/mu_code/AutonomousCar/DataCollected/IMG0/Image_1717584869271944.jpg,0.0
/home/rpitxy/mu_code/AutonomousCar/DataCollected/IMG0/Image_1717584869326818.jpg,0.0
/home/rpitxy/mu_code/AutonomousCar/DataCollected/IMG0/Image_1717584869387572.jpg,0.0
/home/rpitxy/mu_code/AutonomousCar/DataCollected/IMG0/Image_1717584869445002.jpg,0.0
/home/rpitxy/mu_code/AutonomousCar/DataCollected/IMG0/Image_1717584869514656.jpg,0.0
/home/rpitxy/mu_code/AutonomousCar/DataCollected/IMG0/Image_1717584869584411.jpg,0.0
/home/rpitxy/mu_code/AutonomousCar/DataCollected/IMG0/Image_171758486961351.jpg,0.0
/home/rpitxy/mu_code/AutonomousCar/DataCollected/IMG0/Image_1717584869685135.jpg,0.0
/home/rpitxy/mu_code/AutonomousCar/DataCollected/IMG0/Image_1717584869731016.jpg,0.0
/home/rpitxy/mu_code/AutonomousCar/DataCollected/IMG0/Image_1717584869794643.jpg,0.0
/home/rpitxy/mu_code/AutonomousCar/DataCollected/IMG0/Image_1717584869841845.jpg,0.0
/home/rpitxy/mu_code/AutonomousCar/DataCollected/IMG0/Image_1717584869899486.jpg,0.0
/home/rpitxy/mu_code/AutonomousCar/DataCollected/IMG0/Image_1717584869971644.jpg,0.0
/home/rpitxy/mu_code/AutonomousCar/DataCollected/IMG0/Image_1717584870009842.jpg,0.0
/home/rpitxy/mu_code/AutonomousCar/DataCollected/IMG0/Image_1717584870069078.jpg,0.0
/home/rpitxy/mu_code/AutonomousCar/DataCollected/IMG0/Image_1717584870133914.jpg,0.0
/home/rpitxy/mu_code/AutonomousCar/DataCollected/IMG0/Image_1717584870204469.jpg,0.0
/home/rpitxy/mu_code/AutonomousCar/DataCollected/IMG0/Image_1717584870240368.jpg,0.0
/home/rpitxy/mu_code/AutonomousCar/DataCollected/IMG0/Image_171758487029547.jpg,0.0
/home/rpitxy/mu_code/AutonomousCar/DataCollected/IMG0/Image_171758487034712.jpg,0.0
/home/rpitxy/mu_code/AutonomousCar/DataCollected/IMG0/Image_1717584870409691.jpg,0.0
/home/rpitxy/mu_code/AutonomousCar/DataCollected/IMG0/Image_1717584870473882.jpg,0.0
/home/rpitxy/mu_code/AutonomousCar/DataCollected/IMG0/Image_1717584870527807.jpg,0.0
/home/rpitxy/mu_code/AutonomousCar/DataCollected/IMG0/Image_1717584870588295.jpg,0.0
/home/rpitxy/mu_code/AutonomousCar/DataCollected/IMG0/Image_171758487065903.jpg,0.0
/home/rpitxy/mu_code/AutonomousCar/DataCollected/IMG0/Image_1717584870717603.jpg,0.0
/home/rpitxy/mu_code/AutonomousCar/DataCollected/IMG0/Image_1717584870762007.jpg,0.0
/home/rpitxy/mu_code/AutonomousCar/DataCollected/IMG0/Image_1717584870802314.jpg,0.0
/home/rpitxy/mu_code/AutonomousCar/DataCollected/IMG0/Image_1717584870874517.jpg,0.0
/home/rpitxy/mu_code/AutonomousCar/DataCollected/IMG0/Image_1717584870912866.jpg,0.0
/home/rpitxy/mu_code/AutonomousCar/DataCollected/IMG0/Image_1717584870983914.jpg,0.0
/home/rpitxy/mu_code/AutonomousCar/DataCollected/IMG0/Image_1717584871075879.jpg,0.0
/home/rpitxy/mu_code/AutonomousCar/DataCollected/IMG0/Image_1717584871104871.jpg,0.0
/home/rpitxy/mu_code/AutonomousCar/DataCollected/IMG0/Image_1717584871147948.jpg,0.0
/home/rpitxy/mu_code/AutonomousCar/DataCollected/IMG0/Image_1717584871206185.jpg,0.0
/home/rpitxy/mu_code/AutonomousCar/DataCollected/IMG0/Image_1717584871262754.jpg,0.0
/home/rpitxy/mu_code/AutonomousCar/DataCollected/IMG0/Image_171758487130891.jpg,0.0
/home/rpitxy/mu_code/AutonomousCar/DataCollected/IMG0/Image_1717584871379884.jpg,0.0
/home/rpitxy/mu_code/AutonomousCar/DataCollected/IMG0/Image_1717584871446741.jpg,0.0
/home/rpitxy/mu_code/AutonomousCar/DataCollected/IMG0/Image_1717584871485616.jpg,0.0
/home/rpitxy/mu_code/AutonomousCar/DataCollected/IMG0/Image_1717584871542481.jpg,0.0
/home/rpitxy/mu_code/AutonomousCar/DataCollected/IMG0/Image_1717584871592981.jpg,0.0
/home/rpitxy/mu_code/AutonomousCar/DataCollected/IMG0/Image_1717584871653223.jpg,0.0
/home/rpitxy/mu_code/AutonomousCar/DataCollected/IMG0/Image_1717584871708529.jpg,0.0
/home/rpitxy/mu_code/AutonomousCar/DataCollected/IMG0/Image_1717584871766271.jpg,0.0
/home/rpitxy/mu_code/AutonomousCar/DataCollected/IMG0/Image_1717584871822266.jpg,0.0
/home/rpitxy/mu_code/AutonomousCar/DataCollected/IMG0/Image_1717584871890682.jpg,0.0
/home/rpitxy/mu_code/AutonomousCar/DataCollected/IMG0/Image_1717584871942426.jpg,0.0
/home/rpitxy/mu_code/AutonomousCar/DataCollected/IMG0/Image_1717584872003509.jpg,0.0
/home/rpitxy/mu_code/AutonomousCar/DataCollected/IMG0/Image_1717584872055686.jpg,0.0
/home/rpitxy/mu_code/AutonomousCar/DataCollected/IMG0/Image_1717584872106348.jpg,0.0
/home/rpitxy/mu_code/AutonomousCar/DataCollected/IMG0/Image_1717584872164847.jpg,0.0
/home/rpitxy/mu_code/AutonomousCar/DataCollected/IMG0/Image_171758487221694.jpg,0.0
/home/rpitxy/mu_code/AutonomousCar/DataCollected/IMG0/Image_1717584872271749.jpg,0.0
/home/rpitxy/mu_code/AutonomousCar/DataCollected/IMG0/Image_171758487233006.jpg,0.0
/home/rpitxy/mu_code/AutonomousCar/DataCollected/IMG0/Image_1717584872384932.jpg,0.0
/home/rpitxy/mu_code/AutonomousCar/DataCollected/IMG0/Image_1717584872443839.jpg,0.0
/home/rpitxy/mu_code/AutonomousCar/DataCollected/IMG0/Image_17175848724986.jpg,0.0
/home/rpitxy/mu_code/AutonomousCar/DataCollected/IMG0/Image_1717584872558346.jpg,0.0
/home/rpitxy/mu_code/AutonomousCar/DataCollected/IMG0/Image_1717584872612414.jpg,0.0
/home/rpitxy/mu_code/AutonomousCar/DataCollected/IMG0/Image_1717584872668901.jpg,0.0
/home/rpitxy/mu_code/AutonomousCar/DataCollected/IMG0/Image_1717584872727242.jpg,0.0
/home/rpitxy/mu_code/AutonomousCar/DataCollected/IMG0/Image_1717584872784989.jpg,0.0
/home/rpitxy/mu_code/AutonomousCar/DataCollected/IMG0/Image_1717584872839754.jpg,0.0
/home/rpitxy/mu_code/AutonomousCar/DataCollected/IMG0/Image_1717584872897354.jpg,0.0
/home/rpitxy/mu_code/AutonomousCar/DataCollected/IMG0/Image_1717584872955608.jpg,0.0
/home/rpitxy/mu_code/AutonomousCar/DataCollected/IMG0/Image_1717584873011624.jpg,0.0
/home/rpitxy/mu_code/AutonomousCar/DataCollected/IMG0/Image_1717584873067028.jpg,0.0
/home/rpitxy/mu_code/AutonomousCar/DataCollected/IMG0/Image_1717584873123744.jpg,0.0
/home/rpitxy/mu_code/AutonomousCar/DataCollected/IMG0/Image_1717584873178862.jpg,0.0
/home/rpitxy/mu_code/AutonomousCar/DataCollected/IMG0/Image_1717584873239473.jpg,0.0
/home/rpitxy/mu_code/AutonomousCar/DataCollected/IMG0/Image_1717584873296252.jpg,0.0
/home/rpitxy/mu_code/AutonomousCar/DataCollected/IMG0/Image_1717584873357573.jpg,0.0
/home/rpitxy/mu_code/AutonomousCar/DataCollected/IMG0/Image_1717584873407782.jpg,0.0
/home/rpitxy/mu_code/AutonomousCar/DataCollected/IMG0/Image_1717584873473602.jpg,0.0
/home/rpitxy/mu_code/AutonomousCar/DataCollected/IMG0/Image_1717584873520759.jpg,0.0
/home/rpitxy/mu_code/AutonomousCar/DataCollected/IMG0/Image_171758487357868.jpg,0.0
/home/rpitxy/mu_code/AutonomousCar/DataCollected/IMG0/Image_1717584873634967.jpg,0.0
/home/rpitxy/mu_code/AutonomousCar/DataCollected/IMG0/Image_1717584873692238.jpg,0.0
/home/rpitxy/mu_code/AutonomousCar/DataCollected/IMG0/Image_1717584873747747.jpg,0.0
/home/rpitxy/mu_code/AutonomousCar/DataCollected/IMG0/Image_1717584873806567.jpg,0.0
/home/rpitxy/mu_code/AutonomousCar/DataCollected/IMG0/Image_171758487386952.jpg,0.0
/home/rpitxy/mu_code/AutonomousCar/DataCollected/IMG0/Image_1717584873920726.jpg,0.0
/home/rpitxy/mu_code/AutonomousCar/DataCollected/IMG0/Image_171758487397426.jpg,0.0
/home/rpitxy/mu_code/AutonomousCar/DataCollected/IMG0/Image_171758487403012.jpg,0.0
/home/rpitxy/mu_code/AutonomousCar/DataCollected/IMG0/Image_1717584874086731.jpg,0.0
/home/rpitxy/mu_code/AutonomousCar/DataCollected/IMG0/Image_1717584874141771.jpg,0.0
/home/rpitxy/mu_code/AutonomousCar/DataCollected/IMG0/Image_1717584874199533.jpg,0.0
/home/rpitxy/mu_code/AutonomousCar/DataCollected/IMG0/Image_1717584874259554.jpg,0.0
/home/rpitxy/mu_code/AutonomousCar/DataCollected/IMG0/Image_1717584874312233.jpg,0.0
/home/rpitxy/mu_code/AutonomousCar/DataCollected/IMG0/Image_1717584874372334.jpg,0.0
/home/rpitxy/mu_code/AutonomousCar/DataCollected/IMG0/Image_1717584874425366.jpg,0.0
/home/rpitxy/mu_code/AutonomousCar/DataCollected/IMG0/Image_171758487448532.jpg,0.0
/home/rpitxy/mu_code/AutonomousCar/DataCollected/IMG0/Image_1717584874539565.jpg,0.0
/home/rpitxy/mu_code/AutonomousCar/DataCollected/IMG0/Image_1717584874596699.jpg,0.0
/home/rpitxy/mu_code/AutonomousCar/DataCollected/IMG0/Image_171758487465609.jpg,0.0
/home/rpitxy/mu_code/AutonomousCar/DataCollected/IMG0/Image_1717584874713106.jpg,0.0
/home/rpitxy/mu_code/AutonomousCar/DataCollected/IMG0/Image_1717584874767095.jpg,0.0
/home/rpitxy/mu_code/AutonomousCar/DataCollected/IMG0/Image_1717584874822217.jpg,0.0
/home/rpitxy/mu_code/AutonomousCar/DataCollected/IMG0/Image_1717584874885609.jpg,0.0
/home/rpitxy/mu_code/AutonomousCar/DataCollected/IMG0/Image_1717584874942838.jpg,0.0
/home/rpitxy/mu_code/AutonomousCar/DataCollected/IMG0/Image_1717584874996891.jpg,0.0
/home/rpitxy/mu_code/AutonomousCar/DataCollected/IMG0/Image_1717584875055247.jpg,0.0
/home/rpitxy/mu_code/AutonomousCar/DataCollected/IMG0/Image_1717584875108825.jpg,0.0
/home/rpitxy/mu_code/AutonomousCar/DataCollected/IMG0/Image_1717584875168158.jpg,0.0
/home/rpitxy/mu_code/AutonomousCar/DataCollected/IMG0/Image_1717584875228452.jpg,0.0
/home/rpitxy/mu_code/AutonomousCar/DataCollected/IMG0/Image_1717584875277973.jpg,0.0
/home/rpitxy/mu_code/AutonomousCar/DataCollected/IMG0/Image_1717584875334264.jpg,0.0
/home/rpitxy/mu_code/AutonomousCar/DataCollected/IMG0/Image_1717584875389503.jpg,0.0
/home/rpitxy/mu_code/AutonomousCar/DataCollected/IMG0/Image_1717584875448188.jpg,0.0
/home/rpitxy/mu_code/AutonomousCar/DataCollected/IMG0/Image_1717584875502936.jpg,0.0
/home/rpitxy/mu_code/AutonomousCar/DataCollected/IMG0/Image_1717584875568887.jpg,0.0
/home/rpitxy/mu_code/AutonomousCar/DataCollected/IMG0/Image_1717584875621064.jpg,0.0
/home/rpitxy/mu_code/AutonomousCar/DataCollected/IMG0/Image_1717584875673108.jpg,0.0
/home/rpitxy/mu_code/AutonomousCar/DataCollected/IMG0/Image_1717584875729795.jpg,0.0
/home/rpitxy/mu_code/AutonomousCar/DataCollected/IMG0/Image_1717584875786075.jpg,0.0
/home/rpitxy/mu_code/AutonomousCar/DataCollected/IMG0/Image_1717584875843868.jpg,0.0
/home/rpitxy/mu_code/AutonomousCar/DataCollected/IMG0/Image_1717584875900678.jpg,0.0
/home/rpitxy/mu_code/AutonomousCar/DataCollected/IMG0/Image_171758487595815.jpg,0.0
/home/rpitxy/mu_code/AutonomousCar/DataCollected/IMG0/Image_1717584876015719.jpg,0.0
/home/rpitxy/mu_code/AutonomousCar/DataCollected/IMG0/Image_1717584876069237.jpg,0.0
/home/rpitxy/mu_code/AutonomousCar/DataCollected/IMG0/Image_171758487612658.jpg,0.0
